Company Name,Industry,Symbol,Series,ISIN Code
360 ONE WAM Ltd.,Financial Services,360ONE,EQ,INE466L01038
3M India Ltd.,Diversified,3MINDIA,EQ,INE470A01017
ABB India Ltd.,Capital Goods,ABB,EQ,INE117A01022
ACC Ltd.,Construction Materials,ACC,EQ,INE012A01025
ACME Solar Holdings Ltd.,Power,ACMESOLAR,EQ,INE622W01025
AIA Engineering Ltd.,Capital Goods,AIAENG,EQ,INE212H01026
APL Apollo Tubes Ltd.,Capital Goods,APLAPOLLO,EQ,INE702C01027
ASK Automotive Ltd.,Automobile and Auto Components,ASKAUTOLTD,EQ,INE491J01022
AU Small Finance Bank Ltd.,Financial Services,AUBANK,EQ,INE949L01017
AWL Agri Business Ltd.,Fast Moving Consumer Goods,AWL,EQ,INE699H01024
AXISCADES Technologies Ltd.,Capital Goods,AXISCADES,EQ,INE555B01013
Aadhar Housing Finance Ltd.,Financial Services,AADHARHFC,EQ,INE883F01010
Aarti Drugs Ltd.,Healthcare,AARTIDRUGS,EQ,INE767A01016
Aarti Industries Ltd.,Chemicals,AARTIIND,EQ,INE769A01020
Aarti Pharmalabs Ltd.,Healthcare,AARTIPHARM,EQ,INE0LRU01027
Aavas Financiers Ltd.,Financial Services,AAVAS,EQ,INE216P01012
Abbott India Ltd.,Healthcare,ABBOTINDIA,EQ,INE358A01014
Action Construction Equipment Ltd.,Capital Goods,ACE,EQ,INE731H01025
Acutaas Chemicals Ltd.,Healthcare,ACUTAAS,EQ,INE00FF01025
Adani Energy Solutions Ltd.,Power,ADANIENSOL,EQ,INE931S01010
Adani Enterprises Ltd.,Metals & Mining,ADANIENT,EQ,INE423A01024
Adani Green Energy Ltd.,Power,ADANIGREEN,EQ,INE364U01010
Adani Ports and Special Economic Zone Ltd.,Services,ADANIPORTS,EQ,INE742F01042
Adani Power Ltd.,Power,ADANIPOWER,EQ,INE814H01029
Adani Total Gas Ltd.,Oil Gas & Consumable Fuels,ATGL,EQ,INE399L01023
Aditya Birla Capital Ltd.,Financial Services,ABCAPITAL,EQ,INE674K01013
Aditya Birla Fashion and Retail Ltd.,Consumer Services,ABFRL,EQ,INE647O01011
Aditya Birla Lifestyle Brands Ltd.,Consumer Services,ABLBL,EQ,INE14LE01019
Aditya Birla Real Estate Ltd.,Realty,ABREL,EQ,INE055A01016
Aditya Birla Sun Life AMC Ltd.,Financial Services,ABSLAMC,EQ,INE404A01024
Aditya Infotech Ltd.,Capital Goods,CPPLUS,EQ,INE819V01029
Aditya Vision Ltd.,Consumer Services,AVL,EQ,INE679V01027
Advanced Enzyme Tech Ltd.,Healthcare,ADVENZYMES,EQ,INE837H01020
Aegis Logistics Ltd.,Oil Gas & Consumable Fuels,AEGISLOG,EQ,INE208C01025
Aegis Vopak Terminals Ltd.,Oil Gas & Consumable Fuels,AEGISVOPAK,EQ,INE0INX01018
Aequs Ltd.,Capital Goods,AEQUS,EQ,INE947N01017
Aether Industries Ltd.,Chemicals,AETHER,EQ,INE0BWX01014
Afcons Infrastructure Ltd.,Construction,AFCONS,EQ,INE101I01011
Affle 3i Ltd.,Information Technology,AFFLE,EQ,INE00WC01027
Ahluwalia Contracts (India) Ltd.,Construction,AHLUCONT,EQ,INE758C01029
Ajanta Pharmaceuticals Ltd.,Healthcare,AJANTPHARM,EQ,INE031B01049
Akums Drugs and Pharmaceuticals Ltd.,Healthcare,AKUMS,EQ,INE09XN01023
Alembic Pharmaceuticals Ltd.,Healthcare,APLLTD,EQ,INE901L01018
Alivus Life Sciences Ltd.,Healthcare,ALIVUS,EQ,INE03Q201024
Alkem Laboratories Ltd.,Healthcare,ALKEM,EQ,INE540L01014
Alkyl Amines Chemicals Ltd.,Chemicals,ALKYLAMINE,EQ,INE150B01039
Allcargo Global Ltd.,Services,AGL,BE,INE1YPB01014
Allied Blenders and Distillers Ltd.,Fast Moving Consumer Goods,ABDL,EQ,INE552Z01027
Alok Industries Ltd.,Textiles,ALOKINDS,EQ,INE270A01029
Amara Raja Energy & Mobility Ltd.,Automobile and Auto Components,ARE&M,EQ,INE885A01032
Amber Enterprises India Ltd.,Consumer Durables,AMBER,EQ,INE371P01015
Ambuja Cements Ltd.,Construction Materials,AMBUJACEM,EQ,INE079A01024
Anand Rathi Wealth Ltd.,Financial Services,ANANDRATHI,EQ,INE463V01026
Anant Raj Ltd.,Realty,ANANTRAJ,EQ,INE242C01024
Angel One Ltd.,Financial Services,ANGELONE,EQ,INE732I01021
Anthem Biosciences Ltd.,Healthcare,ANTHEM,EQ,INE0CZ201020
Anupam Rasayan India Ltd.,Chemicals,ANURAS,EQ,INE930P01018
Apar Industries Ltd.,Capital Goods,APARINDS,EQ,INE372A01015
Apollo Hospitals Enterprise Ltd.,Healthcare,APOLLOHOSP,EQ,INE437A01024
Apollo Micro Systems Ltd.,Capital Goods,APOLLO,EQ,INE713T01028
Apollo Tyres Ltd.,Automobile and Auto Components,APOLLOTYRE,EQ,INE438A01022
Aptus Value Housing Finance India Ltd.,Financial Services,APTUS,EQ,INE852O01025
Archean Chemical Industries Ltd.,Chemicals,ACI,EQ,INE128X01021
Arvind Fashions Ltd.,Consumer Services,ARVINDFASN,EQ,INE955V01021
Arvind Ltd.,Textiles,ARVIND,EQ,INE034A01011
Asahi India Glass Ltd.,Automobile and Auto Components,ASAHIINDIA,EQ,INE439A01020
Ashapura Minechem Ltd.,Metals & Mining,ASHAPURMIN,EQ,INE348A01023
Ashok Leyland Ltd.,Capital Goods,ASHOKLEY,EQ,INE208A01029
Ashoka Buildcon Ltd.,Construction,ASHOKA,EQ,INE442H01029
Asian Paints Ltd.,Consumer Durables,ASIANPAINT,EQ,INE021A01026
Aster DM Healthcare Ltd.,Healthcare,ASTERDM,EQ,INE914M01019
Astra Microwave Products Ltd.,Capital Goods,ASTRAMICRO,EQ,INE386C01029
Astral Ltd.,Capital Goods,ASTRAL,EQ,INE006I01046
Ather Energy Ltd.,Automobile and Auto Components,ATHERENERG,EQ,INE0LEZ01016
Atlanta Electricals Ltd.,Capital Goods,ATLANTAELE,EQ,INE0Z4F01028
Atul Ltd.,Chemicals,ATUL,EQ,INE100A01010
Aurionpro Solution Ltd.,Information Technology,AURIONPRO,EQ,INE132H01018
Aurobindo Pharma Ltd.,Healthcare,AUROPHARMA,EQ,INE406A01037
Authum Investment & Infrastructure Ltd.,Financial Services,AIIL,EQ,INE206F01022
Avalon Technologies Ltd.,Capital Goods,AVALON,EQ,INE0LCL01028
Avanti Feeds Ltd.,Fast Moving Consumer Goods,AVANTIFEED,EQ,INE871C01038
Avenue Supermarts Ltd.,Consumer Services,DMART,EQ,INE192R01011
AvenuesAI Ltd.,Financial Services,CCAVENUE,EQ,INE483S01020
Awfis Space Solutions Ltd.,Services,AWFIS,EQ,INE108V01019
Axis Bank Ltd.,Financial Services,AXISBANK,EQ,INE238A01034
Azad Engineering Ltd.,Capital Goods,AZAD,EQ,INE02IJ01035
BEML Ltd.,Capital Goods,BEML,EQ,INE258A01024
BLS International Services Ltd.,Consumer Services,BLS,EQ,INE153T01027
BSE Ltd.,Financial Services,BSE,EQ,INE118H01025
Bajaj Auto Ltd.,Automobile and Auto Components,BAJAJ-AUTO,EQ,INE917I01010
Bajaj Electricals Ltd,Consumer Durables,BAJAJELEC,EQ,INE193E01025
Bajaj Finance Ltd.,Financial Services,BAJFINANCE,EQ,INE296A01032
Bajaj Finserv Ltd.,Financial Services,BAJAJFINSV,EQ,INE918I01026
Bajaj Holdings & Investment Ltd.,Financial Services,BAJAJHLDNG,EQ,INE118A01012
Bajaj Housing Finance Ltd.,Financial Services,BAJAJHFL,EQ,INE377Y01014
Balaji Amines Ltd.,Chemicals,BALAMINES,EQ,INE050E01027
Balkrishna Industries Ltd.,Automobile and Auto Components,BALKRISIND,EQ,INE787D01026
Balrampur Chini Mills Ltd.,Fast Moving Consumer Goods,BALRAMCHIN,EQ,INE119A01028
Balu Forge Industries Ltd.,Capital Goods,BALUFORGE,EQ,INE011E01029
Banco Products (India) Ltd.,Automobile and Auto Components,BANCOINDIA,EQ,INE213C01025
Bandhan Bank Ltd.,Financial Services,BANDHANBNK,EQ,INE545U01014
Bank of Baroda,Financial Services,BANKBARODA,EQ,INE028A01039
Bank of India,Financial Services,BANKINDIA,EQ,INE084A01016
Bank of Maharashtra,Financial Services,MAHABANK,EQ,INE457A01014
Bata India Ltd.,Consumer Durables,BATAINDIA,EQ,INE176A01028
Bayer Cropscience Ltd.,Chemicals,BAYERCROP,EQ,INE462A01022
Belrise Industries Ltd.,Automobile and Auto Components,BELRISE,EQ,INE894V01022
Berger Paints India Ltd.,Consumer Durables,BERGEPAINT,EQ,INE463A01038
Bharat Dynamics Ltd.,Capital Goods,BDL,EQ,INE171Z01026
Bharat Electronics Ltd.,Capital Goods,BEL,EQ,INE263A01024
Bharat Forge Ltd.,Automobile and Auto Components,BHARATFORG,EQ,INE465A01025
Bharat Heavy Electricals Ltd.,Capital Goods,BHEL,EQ,INE257A01026
Bharat Petroleum Corporation Ltd.,Oil Gas & Consumable Fuels,BPCL,EQ,INE029A01011
Bharti Airtel Ltd.,Telecommunication,BHARTIARTL,EQ,INE397D01024
Bharti Hexacom Ltd.,Telecommunication,BHARTIHEXA,EQ,INE343G01021
Bikaji Foods International Ltd.,Fast Moving Consumer Goods,BIKAJI,EQ,INE00E101023
Billionbrains Garage Ventures Ltd.,Financial Services,GROWW,EQ,INE0HOQ01053
Biocon Ltd.,Healthcare,BIOCON,EQ,INE376G01013
Birla Corporation Ltd.,Construction Materials,BIRLACORPN,EQ,INE340A01012
Birlasoft Ltd.,Information Technology,BSOFT,EQ,INE836A01035
Black Box Ltd.,Information Technology,BBOX,EQ,INE676A01027
Blackbuck Ltd.,Services,BLACKBUCK,EQ,INE0UIZ01018
Blue Dart Express Ltd.,Services,BLUEDART,EQ,INE233B01017
Blue Jet Healthcare Ltd.,Healthcare,BLUEJET,EQ,INE0KBH01020
Blue Star Ltd.,Consumer Durables,BLUESTARCO,EQ,INE472A01039
BlueStone Jewellery and Lifestyle Ltd.,Consumer Durables,BLUESTONE,EQ,INE304W01038
Bombay Burmah Trading Corporation Ltd.,Fast Moving Consumer Goods,BBTC,EQ,INE050A01025
Borosil Renewables Ltd.,Capital Goods,BORORENEW,EQ,INE666D01022
Bosch Ltd.,Automobile and Auto Components,BOSCHLTD,EQ,INE323A01026
Brainbees Solutions Ltd.,Consumer Services,FIRSTCRY,EQ,INE02RE01045
Brigade Enterprises Ltd.,Realty,BRIGADE,EQ,INE791I01019
Britannia Industries Ltd.,Fast Moving Consumer Goods,BRITANNIA,EQ,INE216A01030
C.E. Info Systems Ltd.,Information Technology,MAPMYINDIA,EQ,INE0BV301023
CCL Products (I) Ltd.,Fast Moving Consumer Goods,CCL,EQ,INE421D01022
CESC Ltd.,Power,CESC,EQ,INE486A01021
CG Power and Industrial Solutions Ltd.,Capital Goods,CGPOWER,EQ,INE067A01029
CIE Automotive India Ltd.,Automobile and Auto Components,CIEINDIA,EQ,INE536H01010
CMS Info Systems Ltd.,Services,CMSINFO,EQ,INE925R01014
CORONA Remedies Ltd.,Healthcare,CORONA,EQ,INE02ZQ01018
CRISIL Ltd.,Financial Services,CRISIL,EQ,INE007A01025
CSB Bank Ltd.,Financial Services,CSBBANK,EQ,INE679A01013
Campus Activewear Ltd.,Consumer Durables,CAMPUS,EQ,INE278Y01022
Can Fin Homes Ltd.,Financial Services,CANFINHOME,EQ,INE477A01020
Canara Bank,Financial Services,CANBK,EQ,INE476A01022
Canara HSBC Life Insurance Company Ltd.,Financial Services,CANHLIFE,EQ,INE01TY01017
Canara Robeco Asset Management Company Ltd.,Financial Services,CRAMC,EQ,INE218I01013
Capillary Technologies India Ltd.,Information Technology,CAPILLARY,EQ,INE0ILV01024
Caplin Point Laboratories Ltd.,Healthcare,CAPLIPOINT,EQ,INE475E01026
Capri Global Capital Ltd.,Financial Services,CGCL,EQ,INE180C01042
Carborundum Universal Ltd.,Capital Goods,CARBORUNIV,EQ,INE120A01034
Cartrade Tech Ltd.,Consumer Services,CARTRADE,EQ,INE290S01011
Castrol India Ltd.,Oil Gas & Consumable Fuels,CASTROLIND,EQ,INE172A01027
Ceat Ltd.,Automobile and Auto Components,CEATLTD,EQ,INE482A01020
Cello World Ltd.,Consumer Durables,CELLO,EQ,INE0LMW01024
Cemindia Projects Ltd.,Construction,CEMPRO,EQ,INE686A01026
Central Bank of India,Financial Services,CENTRALBK,EQ,INE483A01010
Central Depository Services (India) Ltd.,Financial Services,CDSL,EQ,INE736A01011
Century Plyboards (India) Ltd.,Consumer Durables,CENTURYPLY,EQ,INE348B01021
Cera Sanitaryware Ltd,Consumer Durables,CERA,EQ,INE739E01017
Chalet Hotels Ltd.,Consumer Services,CHALET,EQ,INE427F01016
Chambal Fertilizers & Chemicals Ltd.,Chemicals,CHAMBLFERT,EQ,INE085A01013
Chennai Petroleum Corporation Ltd.,Oil Gas & Consumable Fuels,CHENNPETRO,EQ,INE178A01016
Choice International Ltd.,Financial Services,CHOICEIN,EQ,INE102B01014
Cholamandalam Financial Holdings Ltd.,Financial Services,CHOLAHLDNG,EQ,INE149A01033
Cholamandalam Investment and Finance Company Ltd.,Financial Services,CHOLAFIN,EQ,INE121A01024
Cipla Ltd.,Healthcare,CIPLA,EQ,INE059A01026
City Union Bank Ltd.,Financial Services,CUB,EQ,INE491A01021
Clean Science and Technology Ltd.,Chemicals,CLEAN,EQ,INE227W01023
Coal India Ltd.,Oil Gas & Consumable Fuels,COALINDIA,EQ,INE522F01014
Cochin Shipyard Ltd.,Capital Goods,COCHINSHIP,EQ,INE704P01025
Coforge Ltd.,Information Technology,COFORGE,EQ,INE591G01025
Cohance Lifesciences Ltd.,Healthcare,COHANCE,EQ,INE03QK01018
Colgate Palmolive (India) Ltd.,Fast Moving Consumer Goods,COLPAL,EQ,INE259A01022
Computer Age Management Services Ltd.,Financial Services,CAMS,EQ,INE596I01020
Concord Biotech Ltd.,Healthcare,CONCORDBIO,EQ,INE338H01029
Container Corporation of India Ltd.,Services,CONCOR,EQ,INE111A01025
Coromandel International Ltd.,Chemicals,COROMANDEL,EQ,INE169A01031
Craftsman Automation Ltd.,Automobile and Auto Components,CRAFTSMAN,EQ,INE00LO01017
CreditAccess Grameen Ltd.,Financial Services,CREDITACC,EQ,INE741K01010
Crizac Ltd.,Consumer Services,CRIZAC,EQ,INE0S4R01014
Crompton Greaves Consumer Electricals Ltd.,Consumer Durables,CROMPTON,EQ,INE299U01018
Cummins India Ltd.,Capital Goods,CUMMINSIND,EQ,INE298A01020
Cupid Ltd.,Fast Moving Consumer Goods,CUPID,EQ,INE509F01029
Cyient Ltd.,Information Technology,CYIENT,EQ,INE136B01020
DCB Bank Ltd.,Financial Services,DCBBANK,EQ,INE503A01015
DCM Shriram Ltd.,Diversified,DCMSHRIRAM,EQ,INE499A01024
DLF Ltd.,Realty,DLF,EQ,INE271C01023
DOMS Industries Ltd.,Fast Moving Consumer Goods,DOMS,EQ,INE321T01012
Dabur India Ltd.,Fast Moving Consumer Goods,DABUR,EQ,INE016A01026
Dalmia Bharat Ltd.,Construction Materials,DALBHARAT,EQ,INE00R701025
Data Patterns (India) Ltd.,Capital Goods,DATAPATTNS,EQ,INE0IX101010
Datamatics Global Services Ltd.,Information Technology,DATAMATICS,EQ,INE365B01017
Deepak Fertilisers & Petrochemicals Corp. Ltd.,Chemicals,DEEPAKFERT,EQ,INE501A01019
Deepak Nitrite Ltd.,Chemicals,DEEPAKNTR,EQ,INE288B01029
Delhivery Ltd.,Services,DELHIVERY,EQ,INE148O01028
Devyani International Ltd.,Consumer Services,DEVYANI,EQ,INE872J01023
Diamond Power Infrastructure Ltd.,Capital Goods,DIACABS,EQ,INE989C01038
Dilip Buildcon Ltd.,Construction,DBL,EQ,INE917M01012
Divi's Laboratories Ltd.,Healthcare,DIVISLAB,EQ,INE361B01024
Dixon Technologies (India) Ltd.,Consumer Durables,DIXON,EQ,INE935N01020
Dr. Agarwal's Health Care Ltd.,Healthcare,AGARWALEYE,EQ,INE943P01029
Dr. Lal Path Labs Ltd.,Healthcare,LALPATHLAB,EQ,INE600L01024
Dr. Reddy's Laboratories Ltd.,Healthcare,DRREDDY,EQ,INE089A01031
Dynamatic Technologies Ltd.,Capital Goods,DYNAMATECH,EQ,INE221B01012
E.I.D. Parry (India) Ltd.,Fast Moving Consumer Goods,EIDPARRY,EQ,INE126A01031
EIH Ltd.,Consumer Services,EIHOTEL,EQ,INE230A01023
EPL Ltd.,Capital Goods,EPL,EQ,INE255A01020
Edelweiss Financial Services Ltd.,Financial Services,EDELWEISS,EQ,INE532F01054
Eicher Motors Ltd.,Automobile and Auto Components,EICHERMOT,EQ,INE066A01021
Elecon Engineering Co. Ltd.,Capital Goods,ELECON,EQ,INE205B01031
Electronics Mart India Ltd.,Consumer Services,EMIL,EQ,INE02YR01019
Electrosteel Castings Ltd.,Capital Goods,ELECTCAST,EQ,INE086A01029
Elgi Equipments Ltd.,Capital Goods,ELGIEQUIP,EQ,INE285A01027
Ellenbarrie Industrial Gases Ltd.,Chemicals,ELLEN,EQ,INE236E01022
Emami Ltd.,Fast Moving Consumer Goods,EMAMILTD,EQ,INE548C01032
Embassy Developments Ltd.,Realty,EMBDL,EQ,INE069I01010
Emcure Pharmaceuticals Ltd.,Healthcare,EMCURE,EQ,INE168P01015
Emmvee Photovoltaic Power Ltd.,Capital Goods,EMMVEE,EQ,INE1C6T01020
Endurance Technologies Ltd.,Automobile and Auto Components,ENDURANCE,EQ,INE913H01037
Engineers India Ltd.,Construction,ENGINERSIN,EQ,INE510A01028
Entero Healthcare Solutions Ltd.,Consumer Services,ENTERO,EQ,INE010601016
Enviro Infra Engineers Ltd.,Utilities,EIEL,EQ,INE0LLY01014
Equitas Small Finance Bank Ltd.,Financial Services,EQUITASBNK,EQ,INE063P01018
Eris Lifesciences Ltd.,Healthcare,ERIS,EQ,INE406M01024
Escorts Kubota Ltd.,Capital Goods,ESCORTS,EQ,INE042A01014
Eternal Ltd.,Consumer Services,ETERNAL,EQ,INE758T01015
Ethos Ltd.,Consumer Durables,ETHOSLTD,EQ,INE04TZ01018
Eureka Forbes Ltd.,Consumer Durables,EUREKAFORB,EQ,INE0KCE01017
Exide Industries Ltd.,Automobile and Auto Components,EXIDEIND,EQ,INE302A01020
FSN E-Commerce Ventures Ltd.,Consumer Services,NYKAA,EQ,INE388Y01029
Fedbank Financial Services Ltd.,Financial Services,FEDFINA,EQ,INE007N01010
Federal Bank Ltd.,Financial Services,FEDERALBNK,EQ,INE171A01029
Fertilisers and Chemicals Travancore Ltd.,Chemicals,FACT,EQ,INE188A01015
Fiem Industries Ltd,Automobile and Auto Components,FIEMIND,EQ,INE737H01014
Finolex Cables Ltd.,Capital Goods,FINCABLES,EQ,INE235A01022
Finolex Industries Ltd.,Capital Goods,FINPIPE,EQ,INE183A01024
Firstsource Solutions Ltd.,Services,FSL,EQ,INE684F01012
Five-Star Business Finance Ltd.,Financial Services,FIVESTAR,EQ,INE128S01021
Force Motors Ltd.,Automobile and Auto Components,FORCEMOT,EQ,INE451A01017
Fortis Healthcare Ltd.,Healthcare,FORTIS,EQ,INE061F01013
Fujiyama Power Systems Ltd.,Capital Goods,UTLSOLAR,EQ,INE12UR01024
GAIL (India) Ltd.,Oil Gas & Consumable Fuels,GAIL,EQ,INE129A01019
GE Vernova T&D India Ltd.,Capital Goods,GVT&D,EQ,INE200A01026
GHCL Ltd.,Chemicals,GHCL,EQ,INE539A01019
GMM Pfaudler Ltd.,Capital Goods,GMMPFAUDLR,EQ,INE541A01023
GMR Airports Ltd.,Services,GMRAIRPORT,EQ,INE776C01039
GMR Power and Urban Infra Ltd.,Power,GMRP&UI,EQ,INE0CU601026
Gabriel India Ltd.,Automobile and Auto Components,GABRIEL,EQ,INE524A01029
Gallantt Ispat Ltd.,Capital Goods,GALLANTT,EQ,INE297H01019
Garden Reach Shipbuilders & Engineers Ltd.,Capital Goods,GRSE,EQ,INE382Z01011
Garware Hi-Tech Films Ltd.,Capital Goods,GRWRHITECH,EQ,INE291A01017
General Insurance Corporation of India,Financial Services,GICRE,EQ,INE481Y01014
Gillette India Ltd.,Fast Moving Consumer Goods,GILLETTE,EQ,INE322A01010
Gland Pharma Ltd.,Healthcare,GLAND,EQ,INE068V01023
Glaxosmithkline Pharmaceuticals Ltd.,Healthcare,GLAXO,EQ,INE159A01016
Glenmark Pharmaceuticals Ltd.,Healthcare,GLENMARK,EQ,INE935A01035
Global Health Ltd.,Healthcare,MEDANTA,EQ,INE474Q01031
Go Digit General Insurance Ltd.,Financial Services,GODIGIT,EQ,INE03JT01014
Godawari Power & Ispat Ltd.,Capital Goods,GPIL,EQ,INE177H01039
Godfrey Phillips India Ltd.,Fast Moving Consumer Goods,GODFRYPHLP,EQ,INE260B01028
Godrej Agrovet Ltd.,Fast Moving Consumer Goods,GODREJAGRO,EQ,INE850D01014
Godrej Consumer Products Ltd.,Fast Moving Consumer Goods,GODREJCP,EQ,INE102D01028
Godrej Industries Ltd.,Diversified,GODREJIND,EQ,INE233A01035
Godrej Properties Ltd.,Realty,GODREJPROP,EQ,INE484J01027
Gokaldas Exports Ltd.,Textiles,GOKEX,EQ,INE887G01027
Gokul Agro Resources Ltd.,Fast Moving Consumer Goods,GOKULAGRO,EQ,INE314T01033
Granules India Ltd.,Healthcare,GRANULES,EQ,INE101D01020
Graphite India Ltd.,Capital Goods,GRAPHITE,EQ,INE371A01025
Grasim Industries Ltd.,Construction Materials,GRASIM,EQ,INE047A01021
Gravita India Ltd.,Metals & Mining,GRAVITA,EQ,INE024L01027
Great Eastern Shipping Co. Ltd.,Services,GESHIP,EQ,INE017A01032
Greaves Cotton Ltd.,Capital Goods,GREAVESCOT,EQ,INE224A01026
Gujarat Ambuja Exports Ltd.,Fast Moving Consumer Goods,GAEL,EQ,INE036B01030
Gujarat Fluorochemicals Ltd.,Chemicals,FLUOROCHEM,EQ,INE09N301011
Gujarat Mineral Development Corporation Ltd.,Metals & Mining,GMDCLTD,EQ,INE131A01031
Gujarat Narmada Valley Fertilizers and Chemicals Ltd.,Chemicals,GNFC,EQ,INE113A01013
Gujarat Pipavav Port Ltd.,Services,GPPL,EQ,INE517F01014
Gujarat State Fertilizers & Chemicals Ltd.,Chemicals,GSFC,EQ,INE026A01025
H.E.G. Ltd.,Capital Goods,HEG,EQ,INE545A01024
H.G. Infra Engineering Ltd.,Construction,HGINFRA,EQ,INE926X01010
HBL Engineering Ltd.,Capital Goods,HBLENGINE,EQ,INE292B01021
HCL Technologies Ltd.,Information Technology,HCLTECH,EQ,INE860A01027
HDB Financial Services Ltd.,Financial Services,HDBFS,EQ,INE756I01012
HDFC Asset Management Company Ltd.,Financial Services,HDFCAMC,EQ,INE127D01025
HDFC Bank Ltd.,Financial Services,HDFCBANK,EQ,INE040A01034
HDFC Life Insurance Company Ltd.,Financial Services,HDFCLIFE,EQ,INE795G01014
HFCL Ltd.,Telecommunication,HFCL,EQ,INE548A01028
Happiest Minds Technologies Ltd.,Information Technology,HAPPSTMNDS,EQ,INE419U01012
Havells India Ltd.,Consumer Durables,HAVELLS,EQ,INE176B01034
Healthcare Global Enterprises Ltd.,Healthcare,HCG,EQ,INE075I01017
Hemisphere Properties India Ltd.,Services,HEMIPROP,EQ,INE0AJG01018
Heritage Foods Ltd.,Fast Moving Consumer Goods,HERITGFOOD,EQ,INE978A01027
Hero MotoCorp Ltd.,Automobile and Auto Components,HEROMOTOCO,EQ,INE158A01026
Hexaware Technologies Ltd.,Information Technology,HEXT,EQ,INE093A01041
Himadri Speciality Chemical Ltd.,Chemicals,HSCL,EQ,INE019C01026
Hindalco Industries Ltd.,Metals & Mining,HINDALCO,EQ,INE038A01020
Hindustan Aeronautics Ltd.,Capital Goods,HAL,EQ,INE066F01020
Hindustan Construction Co. Ltd.,Construction,HCC,EQ,INE549A01026
Hindustan Copper Ltd.,Metals & Mining,HINDCOPPER,EQ,INE531E01026
Hindustan Petroleum Corporation Ltd.,Oil Gas & Consumable Fuels,HINDPETRO,EQ,INE094A01015
Hindustan Unilever Ltd.,Fast Moving Consumer Goods,HINDUNILVR,EQ,INE030A01027
Hindustan Zinc Ltd.,Metals & Mining,HINDZINC,EQ,INE267A01025
Hitachi Energy India Ltd.,Capital Goods,POWERINDIA,EQ,INE07Y701011
Home First Finance Company India Ltd.,Financial Services,HOMEFIRST,EQ,INE481N01025
Honasa Consumer Ltd.,Fast Moving Consumer Goods,HONASA,EQ,INE0J5401028
Honeywell Automation India Ltd.,Capital Goods,HONAUT,EQ,INE671A01010
Housing & Urban Development Corporation Ltd.,Financial Services,HUDCO,EQ,INE031A01017
Hyundai Motor India Ltd.,Automobile and Auto Components,HYUNDAI,EQ,INE0V6F01027
ICICI Bank Ltd.,Financial Services,ICICIBANK,EQ,INE090A01021
ICICI Lombard General Insurance Company Ltd.,Financial Services,ICICIGI,EQ,INE765G01017
ICICI Prudential Asset Management Company Ltd.,Financial Services,ICICIAMC,EQ,INE346A01027
ICICI Prudential Life Insurance Company Ltd.,Financial Services,ICICIPRULI,EQ,INE726G01019
IDBI Bank Ltd.,Financial Services,IDBI,EQ,INE008A01015
IDFC First Bank Ltd.,Financial Services,IDFCFIRSTB,EQ,INE092T01019
IFB Industries Ltd.,Consumer Durables,IFBIND,EQ,INE559A01017
IFCI Ltd.,Financial Services,IFCI,EQ,INE039A01010
IIFL Capital Services Ltd.,Financial Services,IIFLCAPS,EQ,INE489L01022
IIFL Finance Ltd.,Financial Services,IIFL,EQ,INE530B01024
INOX India Ltd.,Capital Goods,INOXINDIA,EQ,INE616N01034
IRB Infrastructure Developers Ltd.,Construction,IRB,EQ,INE821I01022
IRCON International Ltd.,Construction,IRCON,EQ,INE962Y01021
ITC Hotels Ltd.,Consumer Services,ITCHOTELS,EQ,INE379A01028
ITC Ltd.,Fast Moving Consumer Goods,ITC,EQ,INE154A01025
ITI Ltd.,Telecommunication,ITI,EQ,INE248A01017
Indegene Ltd.,Healthcare,INDGN,EQ,INE065X01017
India Cements Ltd.,Construction Materials,INDIACEM,EQ,INE383A01012
India Glycols Ltd.,Fast Moving Consumer Goods,INDIAGLYCO,EQ,INE560A01023
India Shelter Finance Corporation Ltd.,Financial Services,INDIASHLTR,EQ,INE922K01024
Indiamart Intermesh Ltd.,Consumer Services,INDIAMART,EQ,INE933S01016
Indian Bank,Financial Services,INDIANB,EQ,INE562A01011
Indian Energy Exchange Ltd.,Financial Services,IEX,EQ,INE022Q01020
Indian Hotels Co. Ltd.,Consumer Services,INDHOTEL,EQ,INE053A01029
Indian Metals & Ferro Alloys Ltd.,Metals & Mining,IMFA,EQ,INE919H01018
Indian Oil Corporation Ltd.,Oil Gas & Consumable Fuels,IOC,EQ,INE242A01010
Indian Overseas Bank,Financial Services,IOB,EQ,INE565A01014
Indian Railway Catering And Tourism Corporation Ltd.,Consumer Services,IRCTC,EQ,INE335Y01020
Indian Railway Finance Corporation Ltd.,Financial Services,IRFC,EQ,INE053F01010
Indian Renewable Energy Development Agency Ltd.,Financial Services,IREDA,EQ,INE202E01016
Indigo Paints Ltd.,Consumer Durables,INDIGOPNTS,EQ,INE09VQ01012
Indo Count Industries Ltd.,Textiles,ICIL,EQ,INE483B01026
Indraprastha Gas Ltd.,Oil Gas & Consumable Fuels,IGL,EQ,INE203G01027
Indus Towers Ltd.,Telecommunication,INDUSTOWER,EQ,INE121J01017
IndusInd Bank Ltd.,Financial Services,INDUSINDBK,EQ,INE095A01012
Info Edge (India) Ltd.,Consumer Services,NAUKRI,EQ,INE663F01032
Infosys Ltd.,Information Technology,INFY,EQ,INE009A01021
Inox Green Energy Services Ltd.,Services,INOXGREEN,EQ,INE510W01014
Inox Wind Ltd.,Capital Goods,INOXWIND,EQ,INE066P01011
Intellect Design Arena Ltd.,Information Technology,INTELLECT,EQ,INE306R01017
InterGlobe Aviation Ltd.,Services,INDIGO,EQ,INE646L01027
International Gemological Institute Ltd.,Services,IGIL,EQ,INE0Q9301021
Inventurus Knowledge Solutions Ltd.,Information Technology,IKS,EQ,INE115Q01022
Ion Exchange (India) Ltd.,Utilities,IONEXCHANG,EQ,INE570A01022
Ipca Laboratories Ltd.,Healthcare,IPCALAB,EQ,INE571A01038
J.B. Chemicals & Pharmaceuticals Ltd.,Healthcare,JBCHEPHARM,EQ,INE572A01036
J.K. Cement Ltd.,Construction Materials,JKCEMENT,EQ,INE823G01014
JBM Auto Ltd.,Automobile and Auto Components,JBMA,EQ,INE927D01051
JK Lakshmi Cement Ltd.,Construction Materials,JKLAKSHMI,EQ,INE786A01032
JK Paper Ltd.,Forest Materials,JKPAPER,EQ,INE789E01012
JK Tyre & Industries Ltd.,Automobile and Auto Components,JKTYRE,EQ,INE573A01042
JM Financial Ltd.,Financial Services,JMFINANCIL,EQ,INE780C01023
JSW Cement Ltd.,Construction Materials,JSWCEMENT,EQ,INE718I01012
JSW Dulux Ltd.,Consumer Durables,JSWDULUX,EQ,INE133A01011
JSW Energy Ltd.,Power,JSWENERGY,EQ,INE121E01018
JSW Infrastructure Ltd.,Services,JSWINFRA,EQ,INE880J01026
JSW Steel Ltd.,Metals & Mining,JSWSTEEL,EQ,INE019A01038
Jai Balaji Industries Ltd.,Metals & Mining,JAIBALAJI,BE,INE091G01026
Jain Resource Recycling Ltd.,Metals & Mining,JAINREC,EQ,INE0YD401026
Jaiprakash Power Ventures Ltd.,Power,JPPOWER,EQ,INE351F01018
Jammu & Kashmir Bank Ltd.,Financial Services,J&KBANK,EQ,INE168A01041
Jamna Auto Industries Ltd.,Automobile and Auto Components,JAMNAAUTO,EQ,INE039C01032
Jana Small Finance Bank Ltd.,Financial Services,JSFB,EQ,INE953L01027
Jayaswal Neco Industries Ltd.,Capital Goods,JAYNECOIND,EQ,INE854B01010
Jeena Sikho Lifecare Ltd.,Consumer Services,JSLL,EQ,INE0J5801029
Jindal Saw Ltd.,Capital Goods,JINDALSAW,EQ,INE324A01032
Jindal Stainless Ltd.,Metals & Mining,JSL,EQ,INE220G01021
Jindal Steel Ltd.,Metals & Mining,JINDALSTEL,EQ,INE749A01030
Jio Financial Services Ltd.,Financial Services,JIOFIN,EQ,INE758E01017
Jubilant Foodworks Ltd.,Consumer Services,JUBLFOOD,EQ,INE797F01020
Jubilant Ingrevia Ltd.,Chemicals,JUBLINGREA,EQ,INE0BY001018
Jubilant Pharmova Ltd.,Healthcare,JUBLPHARMA,EQ,INE700A01033
Jupiter Life Line Hospitals Ltd.,Healthcare,JLHL,EQ,INE682M01012
Jupiter Wagons Ltd.,Capital Goods,JWL,EQ,INE209L01016
Justdial Ltd.,Consumer Services,JUSTDIAL,EQ,INE599M01018
Jyothy Labs Ltd.,Fast Moving Consumer Goods,JYOTHYLAB,EQ,INE668F01031
Jyoti CNC Automation Ltd.,Capital Goods,JYOTICNC,EQ,INE980O01024
K.P.R. Mill Ltd.,Textiles,KPRMILL,EQ,INE930H01031
KEI Industries Ltd.,Capital Goods,KEI,EQ,INE878B01027
KNR Constructions Ltd.,Construction,KNRCON,EQ,INE634I01029
KPI Green Energy Ltd.,Power,KPIGREEN,EQ,INE542W01025
KPIT Technologies Ltd.,Information Technology,KPITTECH,EQ,INE04I401011
KRBL Ltd.,Fast Moving Consumer Goods,KRBL,EQ,INE001B01026
KRN Heat Exchanger and Refrigeration Ltd.,Capital Goods,KRN,BE,INE0Q3J01015
KSB Ltd.,Capital Goods,KSB,EQ,INE999A01023
Kajaria Ceramics Ltd.,Consumer Durables,KAJARIACER,EQ,INE217B01036
Kalpataru Projects International Ltd.,Construction,KPIL,EQ,INE220B01022
Kalyan Jewellers India Ltd.,Consumer Durables,KALYANKJIL,EQ,INE303R01014
Kansai Nerolac Paints Ltd.,Consumer Durables,KANSAINER,EQ,INE531A01024
Karnataka Bank Ltd.,Financial Services,KTKBANK,EQ,INE614B01018
Karur Vysya Bank Ltd.,Financial Services,KARURVYSYA,EQ,INE036D01028
Kaveri Seed Company Ltd.,Fast Moving Consumer Goods,KSCL,EQ,INE455I01029
Kaynes Technology India Ltd.,Capital Goods,KAYNES,EQ,INE918Z01012
Kec International Ltd.,Construction,KEC,EQ,INE389H01022
Kfin Technologies Ltd.,Financial Services,KFINTECH,EQ,INE138Y01010
Kirloskar Brothers Ltd.,Capital Goods,KIRLOSBROS,EQ,INE732A01036
Kirloskar Oil Eng Ltd.,Capital Goods,KIRLOSENG,EQ,INE146L01010
Kirloskar Pneumatic Company Ltd.,Capital Goods,KIRLPNU,EQ,INE811A01020
Kitex Garments Ltd.,Textiles,KITEX,EQ,INE602G01020
Kotak Mahindra Bank Ltd.,Financial Services,KOTAKBANK,EQ,INE237A01036
Krishna Institute of Medical Sciences Ltd.,Healthcare,KIMS,EQ,INE967H01025
L&T Finance Ltd.,Financial Services,LTF,EQ,INE498L01015
L&T Technology Services Ltd.,Information Technology,LTTS,EQ,INE010V01017
LG Electronics India Ltd.,Consumer Durables,LGEINDIA,EQ,INE324D01010
LIC Housing Finance Ltd.,Financial Services,LICHSGFIN,EQ,INE115A01026
LT Foods Ltd.,Fast Moving Consumer Goods,LTFOODS,EQ,INE818H01020
LTM Ltd.,Information Technology,LTM,EQ,INE214T01019
Larsen & Toubro Ltd.,Construction,LT,EQ,INE018A01030
Latent View Analytics Ltd.,Information Technology,LATENTVIEW,EQ,INE0I7C01011
Laurus Labs Ltd.,Healthcare,LAURUSLABS,EQ,INE947Q01028
Laxmi Organic Industries Ltd.,Chemicals,LXCHEM,EQ,INE576O01020
Le Travenues Technology Ltd.,Consumer Services,IXIGO,EQ,INE0HV901016
Leela Palaces Hotels & Resorts Ltd.,Consumer Services,THELEELA,EQ,INE0AQ201015
Lemon Tree Hotels Ltd.,Consumer Services,LEMONTREE,EQ,INE970X01018
Lenskart Solutions Ltd.,Consumer Services,LENSKART,EQ,INE956O01016
Life Insurance Corporation of India,Financial Services,LICI,EQ,INE0J1Y01017
Linde India Ltd.,Chemicals,LINDEINDIA,EQ,INE473A01011
Lloyds Engineering Works Ltd.,Capital Goods,LLOYDSENGG,EQ,INE093R01011
Lloyds Enterprises Ltd.,Metals & Mining,LLOYDSENT,EQ,INE080I01025
Lloyds Metals And Energy Ltd.,Metals & Mining,LLOYDSME,EQ,INE281B01032
Lodha Developers Ltd.,Realty,LODHA,EQ,INE670K01029
Lumax Auto Technologies Ltd.,Automobile and Auto Components,LUMAXTECH,EQ,INE872H01027
Lupin Ltd.,Healthcare,LUPIN,EQ,INE326A01037
MMTC Ltd.,Services,MMTC,EQ,INE123F01029
MOIL Ltd.,Metals & Mining,MOIL,EQ,INE490G01020
MRF Ltd.,Automobile and Auto Components,MRF,EQ,INE883A01011
MSTC Ltd.,Services,MSTCLTD,EQ,INE255X01014
MTAR Technologies Ltd.,Capital Goods,MTARTECH,BE,INE864I01014
Mahanagar Gas Ltd.,Oil Gas & Consumable Fuels,MGL,EQ,INE002S01010
Maharashtra Scooters Ltd.,Financial Services,MAHSCOOTER,EQ,INE288A01013
Maharashtra Seamless Ltd.,Capital Goods,MAHSEAMLES,EQ,INE271B01025
Mahindra & Mahindra Financial Services Ltd.,Financial Services,M&MFIN,EQ,INE774D01024
Mahindra & Mahindra Ltd.,Automobile and Auto Components,M&M,EQ,INE101A01026
Manappuram Finance Ltd.,Financial Services,MANAPPURAM,EQ,INE522D01027
Mangalore Refinery & Petrochemicals Ltd.,Oil Gas & Consumable Fuels,MRPL,EQ,INE103A01014
Mankind Pharma Ltd.,Healthcare,MANKIND,EQ,INE634S01028
Manorama Industries Ltd.,Fast Moving Consumer Goods,MANORAMA,EQ,INE00VM01036
Marico Ltd.,Fast Moving Consumer Goods,MARICO,EQ,INE196A01026
Marksans Pharma Ltd.,Healthcare,MARKSANS,EQ,INE750C01026
Maruti Suzuki India Ltd.,Automobile and Auto Components,MARUTI,EQ,INE585B01010
Mastek Ltd.,Information Technology,MASTEK,EQ,INE759A01021
Max Financial Services Ltd.,Financial Services,MFSL,EQ,INE180A01020
Max Healthcare Institute Ltd.,Healthcare,MAXHEALTH,EQ,INE027H01010
Mazagoan Dock Shipbuilders Ltd.,Capital Goods,MAZDOCK,EQ,INE249Z01020
Medplus Health Services Ltd.,Consumer Services,MEDPLUS,EQ,INE804L01022
Meesho Ltd.,Consumer Services,MEESHO,EQ,INE0VDM01015
Metropolis Healthcare Ltd.,Healthcare,METROPOLIS,EQ,INE112L01020
Minda Corporation Ltd.,Automobile and Auto Components,MINDACORP,EQ,INE842C01021
Mishra Dhatu Nigam Ltd.,Capital Goods,MIDHANI,EQ,INE099Z01011
Motherson Sumi Wiring India Ltd.,Automobile and Auto Components,MSUMI,EQ,INE0FS801015
Motilal Oswal Financial Services Ltd.,Financial Services,MOTILALOFS,EQ,INE338I01027
MphasiS Ltd.,Information Technology,MPHASIS,EQ,INE356A01018
Mrs. Bectors Food Specialities Ltd.,Fast Moving Consumer Goods,BECTORFOOD,EQ,INE495P01020
Multi Commodity Exchange of India Ltd.,Financial Services,MCX,EQ,INE745G01043
Muthoot Finance Ltd.,Financial Services,MUTHOOTFIN,EQ,INE414G01012
NATCO Pharma Ltd.,Healthcare,NATCOPHARM,EQ,INE987B01026
NBCC (India) Ltd.,Construction,NBCC,EQ,INE095N01031
NCC Ltd.,Construction,NCC,EQ,INE868B01028
NEOGEN CHEMICALS LTD.,Chemicals,NEOGEN,EQ,INE136S01016
NESCO Ltd.,Services,NESCO,EQ,INE317F01035
NHPC Ltd.,Power,NHPC,EQ,INE848E01016
NLC India Ltd.,Power,NLCINDIA,EQ,INE589A01014
NMDC Ltd.,Metals & Mining,NMDC,EQ,INE584A01023
NMDC Steel Ltd.,Metals & Mining,NSLNISP,EQ,INE0NNS01018
NTPC Green Energy Ltd.,Power,NTPCGREEN,EQ,INE0ONG01011
NTPC Ltd.,Power,NTPC,EQ,INE733E01010
Narayana Hrudayalaya Ltd.,Healthcare,NH,EQ,INE410P01011
National Aluminium Co. Ltd.,Metals & Mining,NATIONALUM,EQ,INE139A01034
National Fertilizers Ltd.,Chemicals,NFL,EQ,INE870D01012
Nava Ltd.,Power,NAVA,EQ,INE725A01030
Navin Fluorine International Ltd.,Chemicals,NAVINFLUOR,EQ,INE048G01026
Nazara Technologies Ltd.,Media Entertainment & Publication,NAZARA,EQ,INE418L01047
Nestle India Ltd.,Fast Moving Consumer Goods,NESTLEIND,EQ,INE239A01024
Netweb Technologies India Ltd.,Information Technology,NETWEB,EQ,INE0NT901020
Network18 Media & Investments Ltd.,Media Entertainment & Publication,NETWORK18,EQ,INE870H01013
Neuland Laboratories Ltd.,Healthcare,NEULANDLAB,EQ,INE794A01010
Newgen Software Technologies Ltd.,Information Technology,NEWGEN,EQ,INE619B01017
Nippon Life India Asset Management Ltd.,Financial Services,NAM-INDIA,EQ,INE298J01013
Niva Bupa Health Insurance Company Ltd.,Financial Services,NIVABUPA,EQ,INE995S01015
Nuvama Wealth Management Ltd.,Financial Services,NUVAMA,EQ,INE531F01023
Nuvoco Vistas Corporation Ltd.,Construction Materials,NUVOCO,EQ,INE118D01016
Oberoi Realty Ltd.,Realty,OBEROIRLTY,EQ,INE093I01010
Oil & Natural Gas Corporation Ltd.,Oil Gas & Consumable Fuels,ONGC,EQ,INE213A01029
Oil India Ltd.,Oil Gas & Consumable Fuels,OIL,EQ,INE274J01014
Ola Electric Mobility Ltd.,Automobile and Auto Components,OLAELEC,EQ,INE0LXG01040
Olectra Greentech Ltd.,Automobile and Auto Components,OLECTRA,EQ,INE260D01016
One 97 Communications Ltd.,Financial Services,PAYTM,EQ,INE982J01020
Onesource Specialty Pharma Ltd.,Healthcare,ONESOURCE,EQ,INE013P01021
Optiemus Infracom Ltd.,Telecommunication,OPTIEMUS,EQ,INE350C01017
Oracle Financial Services Software Ltd.,Information Technology,OFSS,EQ,INE881D01027
Orient Cement Ltd.,Construction Materials,ORIENTCEM,EQ,INE876N01018
Orkla India Ltd.,Fast Moving Consumer Goods,ORKLAINDIA,EQ,INE16NZ01023
Oswal Pumps Ltd.,Capital Goods,OSWALPUMPS,EQ,INE0BYP01024
P N Gadgil Jewellers Ltd.,Consumer Durables,PNGJL,EQ,INE953R01016
PB Fintech Ltd.,Financial Services,POLICYBZR,EQ,INE417T01026
PC Jeweller Ltd.,Consumer Durables,PCJEWELLER,EQ,INE785M01021
PCBL Chemical Ltd.,Chemicals,PCBL,EQ,INE602A01031
PG Electroplast Ltd.,Consumer Durables,PGEL,EQ,INE457L01029
PI Industries Ltd.,Chemicals,PIIND,EQ,INE603J01030
PNB Housing Finance Ltd.,Financial Services,PNBHOUSING,EQ,INE572E01012
PNC Infratech Ltd.,Construction,PNCINFRA,EQ,INE195J01029
PTC India Ltd.,Power,PTC,EQ,INE877F01012
PTC Industries Ltd.,Capital Goods,PTCIL,EQ,INE596F01018
PVR INOX Ltd.,Media Entertainment & Publication,PVRINOX,EQ,INE191H01014
Page Industries Ltd.,Textiles,PAGEIND,EQ,INE761H01022
Paradeep Phosphates Ltd.,Chemicals,PARADEEP,EQ,INE088F01024
Paras Defence and Space Technologies Ltd.,Capital Goods,PARAS,EQ,INE045601023
Park Medi World Ltd.,Healthcare,PARKHOSPS,EQ,INE119201023
Patanjali Foods Ltd.,Fast Moving Consumer Goods,PATANJALI,EQ,INE619A01035
Pearl Global Industries Ltd.,Textiles,PGIL,EQ,INE940H01022
Persistent Systems Ltd.,Information Technology,PERSISTENT,EQ,INE262H01021
Petronet LNG Ltd.,Oil Gas & Consumable Fuels,PETRONET,EQ,INE347G01014
Pfizer Ltd.,Healthcare,PFIZER,EQ,INE182A01018
Phoenix Mills Ltd.,Realty,PHOENIXLTD,EQ,INE211B01039
Physicswallah Ltd.,Consumer Services,PWL,EQ,INE0LP301011
Piccadily Agro Industries Ltd.,Fast Moving Consumer Goods,PICCADIL,EQ,INE546C01010
Pidilite Industries Ltd.,Chemicals,PIDILITIND,EQ,INE318A01026
Pine Labs Ltd.,Financial Services,PINELABS,EQ,INE15B701018
Piramal Finance Ltd.,Financial Services,PIRAMALFIN,EQ,INE202B01038
Piramal Pharma Ltd.,Healthcare,PPLPHARMA,EQ,INE0DK501011
Poly Medicure Ltd.,Healthcare,POLYMED,EQ,INE205C01021
Polycab India Ltd.,Capital Goods,POLYCAB,EQ,INE455K01017
Poonawalla Fincorp Ltd.,Financial Services,POONAWALLA,EQ,INE511C01022
Power Finance Corporation Ltd.,Financial Services,PFC,EQ,INE134E01011
Power Grid Corporation of India Ltd.,Power,POWERGRID,EQ,INE752E01010
Power Mech Projects Ltd.,Construction,POWERMECH,EQ,INE211R01019
Praj Industries Ltd.,Capital Goods,PRAJIND,EQ,INE074A01025
Premier Energies Ltd.,Capital Goods,PREMIERENE,EQ,INE0BS701011
Prestige Estates Projects Ltd.,Realty,PRESTIGE,EQ,INE811K01011
Pricol Ltd.,Automobile and Auto Components,PRICOLLTD,EQ,INE726V01018
Prime Focus Ltd.,Media Entertainment & Publication,PFOCUS,BE,INE367G01038
Prism Johnson Ltd.,Construction Materials,PRSMJOHNSN,EQ,INE010A01011
Privi Speciality Chemicals Ltd.,Chemicals,PRIVISCL,EQ,INE959A01019
Prudent Corporate Advisory Services Ltd.,Financial Services,PRUDENT,EQ,INE00F201020
Punjab National Bank,Financial Services,PNB,EQ,INE160A01022
Puravankara Ltd.,Realty,PURVA,EQ,INE323I01011
Quality Power Electrical Equipments Ltd.,Capital Goods,QPOWER,BE,INE0SII01026
Quess Corp Ltd.,Services,QUESS,EQ,INE615P01015
R R Kabel Ltd.,Capital Goods,RRKABEL,EQ,INE777K01022
RBL Bank Ltd.,Financial Services,RBLBANK,EQ,INE976G01028
REC Ltd.,Financial Services,RECLTD,EQ,INE020B01018
RHI MAGNESITA INDIA LTD.,Capital Goods,RHIM,EQ,INE743M01012
RITES Ltd.,Construction,RITES,EQ,INE320J01015
Radico Khaitan Ltd,Fast Moving Consumer Goods,RADICO,EQ,INE944F01028
Rail Vikas Nigam Ltd.,Construction,RVNL,EQ,INE415G01027
Railtel Corporation Of India Ltd.,Telecommunication,RAILTEL,EQ,INE0DD101019
Rain Industries Ltd,Chemicals,RAIN,EQ,INE855B01025
Rainbow Childrens Medicare Ltd.,Healthcare,RAINBOW,EQ,INE961O01016
Rallis India Ltd.,Chemicals,RALLIS,EQ,INE613A01020
Ramkrishna Forgings Ltd.,Automobile and Auto Components,RKFORGE,EQ,INE399G01023
Rashtriya Chemicals & Fertilizers Ltd.,Chemicals,RCF,EQ,INE027A01015
Rategain Travel Technologies Ltd.,Information Technology,RATEGAIN,EQ,INE0CLI01024
Ratnamani Metals & Tubes Ltd.,Capital Goods,RATNAMANI,EQ,INE703B01027
RattanIndia Enterprises Ltd.,Consumer Services,RTNINDIA,EQ,INE834M01019
RattanIndia Power Ltd.,Power,RTNPOWER,EQ,INE399K01017
Raymond Lifestyle Ltd.,Textiles,RAYMONDLSL,EQ,INE02ID01020
Redington Ltd.,Services,REDINGTON,EQ,INE891D01026
Redtape Ltd.,Consumer Durables,REDTAPE,EQ,INE0LXT01019
Refex Industries Ltd.,Utilities,REFEX,EQ,INE056I01025
Relaxo Footwears Ltd.,Consumer Durables,RELAXO,EQ,INE131B01039
Reliance Industries Ltd.,Oil Gas & Consumable Fuels,RELIANCE,EQ,INE002A01018
Reliance Power Ltd.,Power,RPOWER,EQ,INE614G01033
Religare Enterprises Ltd.,Financial Services,RELIGARE,EQ,INE621H01010
Restaurant Brands Asia Ltd.,Consumer Services,RBA,EQ,INE07T201019
Route Mobile Ltd.,Telecommunication,ROUTE,EQ,INE450U01017
Rubicon Research Ltd.,Healthcare,RUBICON,EQ,INE506V01022
SBFC Finance Ltd.,Financial Services,SBFC,EQ,INE423Y01016
SBI Cards and Payment Services Ltd.,Financial Services,SBICARD,EQ,INE018E01016
SBI Life Insurance Company Ltd.,Financial Services,SBILIFE,EQ,INE123W01016
SJVN Ltd.,Power,SJVN,EQ,INE002L01015
SKF India (Industrial) Ltd.,Capital Goods,SKFINDUS,EQ,INE2J8701016
SKF India Ltd.,Automobile and Auto Components,SKFINDIA,EQ,INE640A01023
SKY GOLD AND DIAMONDS Ltd.,Consumer Durables,SKYGOLD,EQ,INE01IU01018
SML Mahindra Ltd.,Capital Goods,SMLMAH,EQ,INE294B01019
SPR Auto Technologies Ltd.,Automobile and Auto Components,SHRIPISTON,EQ,INE526E01018
SRF Ltd.,Chemicals,SRF,EQ,INE647A01010
Saatvik Green Energy Ltd.,Capital Goods,SAATVIKGL,EQ,INE13B501022
Safari Industries (India) Ltd.,Consumer Durables,SAFARI,EQ,INE429E01023
Sagility Ltd.,Information Technology,SAGILITY,EQ,INE0W2G01015
Sai Life Sciences Ltd.,Healthcare,SAILIFE,EQ,INE570L01029
Samhi Hotels Ltd.,Consumer Services,SAMHI,EQ,INE08U801020
Sammaan Capital Ltd.,Financial Services,SAMMAANCAP,EQ,INE148I01020
Samvardhana Motherson International Ltd.,Automobile and Auto Components,MOTHERSON,EQ,INE775A01035
Sandur Manganese & Iron Ores Ltd.,Metals & Mining,SANDUMA,EQ,INE149K01016
Sanofi Consumer Healthcare India Ltd.,Healthcare,SANOFICONR,EQ,INE0UOS01011
Sansera Engineering Ltd.,Automobile and Auto Components,SANSERA,EQ,INE953O01021
Sapphire Foods India Ltd.,Consumer Services,SAPPHIRE,EQ,INE806T01020
Sarda Energy and Minerals Ltd.,Metals & Mining,SARDAEN,EQ,INE385C01021
Saregama India Ltd,Media Entertainment & Publication,SAREGAMA,EQ,INE979A01025
Schaeffler India Ltd.,Automobile and Auto Components,SCHAEFFLER,EQ,INE513A01022
Schneider Electric Infrastructure Ltd.,Capital Goods,SCHNEIDER,EQ,INE839M01018
Senco Gold Ltd.,Consumer Durables,SENCO,EQ,INE602W01027
Seshaasai Technologies Ltd.,Financial Services,STYL,EQ,INE04VU01023
Shaily Engineering Plastics Ltd.,Consumer Durables,SHAILY,EQ,INE151G01028
Shakti Pumps (India) Ltd.,Capital Goods,SHAKTIPUMP,EQ,INE908D01010
Sharda Cropchem Ltd.,Chemicals,SHARDACROP,EQ,INE221J01015
Share India Securities Ltd.,Financial Services,SHAREINDIA,EQ,INE932X01026
Sheela Foam Ltd.,Consumer Durables,SFL,EQ,INE916U01025
Shilpa Medicare Ltd.,Healthcare,SHILPAMED,EQ,INE790G01031
Shipping Corporation of India Ltd.,Services,SCI,EQ,INE109A01011
Shree Cement Ltd.,Construction Materials,SHREECEM,EQ,INE070A01015
Shree Renuka Sugars Ltd.,Fast Moving Consumer Goods,RENUKA,EQ,INE087H01022
Shriram Finance Ltd.,Financial Services,SHRIRAMFIN,EQ,INE721A01047
Shyam Metalics and Energy Ltd.,Capital Goods,SHYAMMETL,EQ,INE810G01011
Siemens Energy India Ltd.,Capital Goods,ENRIN,EQ,INE1NPP01017
Siemens Ltd.,Capital Goods,SIEMENS,EQ,INE003A01024
Signatureglobal (India) Ltd.,Realty,SIGNATURE,EQ,INE903U01023
Skipper Ltd.,Capital Goods,SKIPPER,EQ,INE439E01022
Smartworks Coworking Spaces Ltd.,Services,SMARTWORKS,EQ,INE0NAZ01010
Sobha Ltd.,Realty,SOBHA,EQ,INE671H01015
Solar Industries India Ltd.,Chemicals,SOLARINDS,EQ,INE343H01029
Sona BLW Precision Forgings Ltd.,Automobile and Auto Components,SONACOMS,EQ,INE073K01018
Sonata Software Ltd.,Information Technology,SONATSOFTW,EQ,INE269A01021
South Indian Bank Ltd.,Financial Services,SOUTHBANK,EQ,INE683A01023
Sri Lotus Developers and Realty Ltd.,Realty,LOTUSDEV,EQ,INE0V9Q01010
Star Cement Ltd.,Construction Materials,STARCEMENT,EQ,INE460H01021
Star Health and Allied Insurance Company Ltd.,Financial Services,STARHEALTH,EQ,INE575P01011
State Bank of India,Financial Services,SBIN,EQ,INE062A01020
Steel Authority of India Ltd.,Metals & Mining,SAIL,EQ,INE114A01011
Sterling and Wilson Renewable Energy Ltd.,Construction,SWSOLAR,EQ,INE00M201021
Sterlite Technologies Ltd.,Telecommunication,STLTECH,BE,INE089C01029
Strides Pharma Science Ltd.,Healthcare,STAR,EQ,INE939A01011
Styrenix Performance Materials Ltd.,Chemicals,STYRENIX,EQ,INE189B01011
Subros Ltd.,Capital Goods,SUBROS,EQ,INE287B01021
Sudarshan Chemical Industries Ltd.,Chemicals,SUDARSCHEM,EQ,INE659A01023
Sudeep Pharma Ltd.,Chemicals,SUDEEPPHRM,EQ,INE0QPI01025
Sumitomo Chemical India Ltd.,Chemicals,SUMICHEM,EQ,INE258G01013
Sun Pharma Advanced Research Company Ltd.,Healthcare,SPARC,EQ,INE232I01014
Sun Pharmaceutical Industries Ltd.,Healthcare,SUNPHARMA,EQ,INE044A01036
Sun TV Network Ltd.,Media Entertainment & Publication,SUNTV,EQ,INE424H01027
Sundaram Finance Ltd.,Financial Services,SUNDARMFIN,EQ,INE660A01013
Sunteck Realty Ltd.,Realty,SUNTECK,EQ,INE805D01034
Supreme Industries Ltd.,Capital Goods,SUPREMEIND,EQ,INE195A01028
Supreme Petrochem Ltd.,Chemicals,SPLPETRO,EQ,INE663A01033
Supriya Lifescience Ltd.,Healthcare,SUPRIYA,EQ,INE07RO01027
Surya Roshni Ltd.,Capital Goods,SURYAROSNI,EQ,INE335A01020
Suzlon Energy Ltd.,Capital Goods,SUZLON,EQ,INE040H01021
Swan Corp Ltd.,Chemicals,SWANCORP,EQ,INE665A01038
Swiggy Ltd.,Consumer Services,SWIGGY,EQ,INE00H001014
Syngene International Ltd.,Healthcare,SYNGENE,EQ,INE398R01022
Syrma SGS Technology Ltd.,Capital Goods,SYRMA,EQ,INE0DYJ01015
TARC Ltd.,Realty,TARC,EQ,INE0EK901012
TBO Tek Ltd.,Consumer Services,TBOTEK,EQ,INE673O01025
TD Power Systems Ltd.,Capital Goods,TDPOWERSYS,EQ,INE419M01027
TSF Investments Ltd.,Financial Services,TSFINV,EQ,INE202Z01029
TVS Motor Company Ltd.,Automobile and Auto Components,TVSMOTOR,EQ,INE494B01023
TVS Supply Chain Solutions Ltd.,Services,TVSSCS,EQ,INE395N01027
Tamilnad Mercantile Bank Ltd.,Financial Services,TMB,EQ,INE668A01016
Tanla Platforms Ltd.,Information Technology,TANLA,EQ,INE483C01032
Tata Capital Ltd.,Financial Services,TATACAP,EQ,INE976I01016
Tata Chemicals Ltd.,Chemicals,TATACHEM,EQ,INE092A01019
Tata Communications Ltd.,Telecommunication,TATACOMM,EQ,INE151A01013
Tata Consultancy Services Ltd.,Information Technology,TCS,EQ,INE467B01029
Tata Consumer Products Ltd.,Fast Moving Consumer Goods,TATACONSUM,EQ,INE192A01025
Tata Elxsi Ltd.,Information Technology,TATAELXSI,EQ,INE670A01012
Tata Investment Corporation Ltd.,Financial Services,TATAINVEST,EQ,INE672A01026
Tata Motors Ltd.,Capital Goods,TMCV,EQ,INE1TAE01010
Tata Motors Passenger Vehicles Ltd.,Automobile and Auto Components,TMPV,EQ,INE155A01022
Tata Power Co. Ltd.,Power,TATAPOWER,EQ,INE245A01021
Tata Steel Ltd.,Metals & Mining,TATASTEEL,EQ,INE081A01020
Tata Technologies Ltd.,Information Technology,TATATECH,EQ,INE142M01025
Tata Teleservices (Maharashtra) Ltd.,Telecommunication,TTML,EQ,INE517B01013
Tech Mahindra Ltd.,Information Technology,TECHM,EQ,INE669C01036
Techno Electric & Engineering Company Ltd.,Construction,TECHNOE,EQ,INE285K01026
Tega Industries Ltd.,Capital Goods,TEGA,EQ,INE011K01018
Tejas Networks Ltd.,Telecommunication,TEJASNET,EQ,INE010J01012
Tenneco Clean Air India Ltd.,Automobile and Auto Components,TENNIND,EQ,INE19RI01016
Texmaco Rail & Eng. Ltd.,Capital Goods,TEXRAIL,EQ,INE621L01012
Thangamayil Jewellery Ltd.,Consumer Durables,THANGAMAYL,EQ,INE085J01014
The Anup Engineering Ltd.,Capital Goods,ANUP,EQ,INE294Z01018
The New India Assurance Company Ltd.,Financial Services,NIACL,EQ,INE470Y01017
The Ramco Cements Ltd.,Construction Materials,RAMCOCEM,EQ,INE331A01037
Thermax Ltd.,Capital Goods,THERMAX,EQ,INE152A01029
Thomas Cook (India) Ltd.,Consumer Services,THOMASCOOK,EQ,INE332A01027
Thyrocare Technologies Ltd.,Healthcare,THYROCARE,EQ,INE594H01019
Tilaknagar Industries Ltd.,Fast Moving Consumer Goods,TI,EQ,INE133E01013
Time Technoplast Ltd.,Capital Goods,TIMETECHNO,EQ,INE508G01029
Timken India Ltd.,Capital Goods,TIMKEN,EQ,INE325A01013
Tips Music Ltd.,Media Entertainment & Publication,TIPSMUSIC,EQ,INE716B01029
Titagarh Rail Systems Ltd.,Capital Goods,TITAGARH,EQ,INE615H01020
Titan Company Ltd.,Consumer Durables,TITAN,EQ,INE280A01028
Torrent Pharmaceuticals Ltd.,Healthcare,TORNTPHARM,EQ,INE685A01028
Torrent Power Ltd.,Power,TORNTPOWER,EQ,INE813H01021
Transformers And Rectifiers (India) Ltd.,Capital Goods,TARIL,EQ,INE763I01026
Transrail Lighting Ltd.,Capital Goods,TRANSRAILL,EQ,INE454P01035
Travel Food Services Ltd.,Consumer Services,TRAVELFOOD,EQ,INE103V01028
Trent Ltd.,Consumer Services,TRENT,EQ,INE849A01020
Trident Ltd.,Textiles,TRIDENT,EQ,INE064C01022
Triveni Engineering & Industries Ltd.,Fast Moving Consumer Goods,TRIVENI,EQ,INE256C01024
Triveni Turbine Ltd.,Capital Goods,TRITURBINE,EQ,INE152M01016
Tube Investments of India Ltd.,Automobile and Auto Components,TIINDIA,EQ,INE974X01010
UCO Bank,Financial Services,UCOBANK,EQ,INE691A01018
UNO Minda Ltd.,Automobile and Auto Components,UNOMINDA,EQ,INE405E01023
UPL Ltd.,Chemicals,UPL,EQ,INE628A01036
UTI Asset Management Company Ltd.,Financial Services,UTIAMC,EQ,INE094J01016
Ujjivan Small Finance Bank Ltd.,Financial Services,UJJIVANSFB,EQ,INE551W01018
UltraTech Cement Ltd.,Construction Materials,ULTRACEMCO,EQ,INE481G01011
Union Bank of India,Financial Services,UNIONBANK,EQ,INE692A01016
United Breweries Ltd.,Fast Moving Consumer Goods,UBL,EQ,INE686F01025
United Spirits Ltd.,Fast Moving Consumer Goods,UNITDSPR,EQ,INE854D01024
Urban Company Ltd.,Consumer Services,URBANCO,EQ,INE0CAZ01013
Usha Martin Ltd.,Capital Goods,USHAMART,EQ,INE228A01035
V-Guard Industries Ltd.,Consumer Durables,VGUARD,EQ,INE951I01027
V-Mart Retail Ltd.,Consumer Services,VMART,EQ,INE665J01013
V.I.P. Industries Ltd.,Consumer Durables,VIPIND,EQ,INE054A01027
V2 Retail Ltd.,Consumer Services,V2RETAIL,EQ,INE945H01021
Va Tech Wabag Ltd.,Utilities,WABAG,EQ,INE956G01038
Vaibhav Global Ltd.,Consumer Durables,VAIBHAVGBL,EQ,INE884A01027
Valor Estate Ltd.,Realty,DBREALTY,BE,INE879I01012
Vardhman Textiles Ltd.,Textiles,VTL,EQ,INE825A01020
Varroc Engineering Ltd.,Automobile and Auto Components,VARROC,EQ,INE665L01035
Varun Beverages Ltd.,Fast Moving Consumer Goods,VBL,EQ,INE200M01039
Vedant Fashions Ltd.,Consumer Services,MANYAVAR,EQ,INE825V01034
Vedanta Ltd.,Metals & Mining,VEDL,EQ,INE205A01025
Vijaya Diagnostic Centre Ltd.,Healthcare,VIJAYA,EQ,INE043W01024
Vikram Solar Ltd.,Capital Goods,VIKRAMSOLR,EQ,INE078V01014
Vishal Mega Mart Ltd.,Consumer Services,VMM,EQ,INE01EA01019
Viyash Scientific Ltd.,Healthcare,VIYASH,EQ,INE807F01027
Vodafone Idea Ltd.,Telecommunication,IDEA,EQ,INE669E01016
Voltamp Transformers Ltd,Capital Goods,VOLTAMP,EQ,INE540H01012
Voltas Ltd.,Consumer Durables,VOLTAS,EQ,INE226A01021
Waaree Energies Ltd.,Capital Goods,WAAREEENER,EQ,INE377N01017
Waaree Renewable Technologies Ltd.,Capital Goods,WAAREERTL,EQ,INE299N01021
Wakefit Innovations Ltd.,Consumer Durables,WAKEFIT,EQ,INE0E7301029
WeWork India Management Ltd.,Services,WEWORK,EQ,INE085001019
Websol Energy System Ltd.,Capital Goods,WEBELSOLAR,EQ,INE855C01023
Welspun Corp Ltd.,Capital Goods,WELCORP,EQ,INE191B01025
Welspun Enterprises Ltd.,Construction,WELENT,EQ,INE625G01013
Welspun Living Ltd.,Textiles,WELSPUNLIV,EQ,INE192B01031
Westlife Foodworld Ltd.,Consumer Services,WESTLIFE,EQ,INE274F01020
Whirlpool of India Ltd.,Consumer Durables,WHIRLPOOL,EQ,INE716A01013
Wipro Ltd.,Information Technology,WIPRO,EQ,INE075A01022
Wockhardt Ltd.,Healthcare,WOCKPHARMA,EQ,INE049B01025
Yatharth Hospital & Trauma Care Services Ltd.,Healthcare,YATHARTH,EQ,INE0JO301016
Yes Bank Ltd.,Financial Services,YESBANK,EQ,INE528G01035
ZF Commercial Vehicle Control Systems India Ltd.,Automobile and Auto Components,ZFCVINDIA,EQ,INE342J01019
Zaggle Prepaid Ocean Services Ltd.,Information Technology,ZAGGLE,EQ,INE07K301024
Zee Entertainment Enterprises Ltd.,Media Entertainment & Publication,ZEEL,EQ,INE256A01028
Zen Technologies Ltd.,Capital Goods,ZENTEC,EQ,INE251B01027
Zensar Technolgies Ltd.,Information Technology,ZENSARTECH,EQ,INE520A01027
Zydus Lifesciences Ltd.,Healthcare,ZYDUSLIFE,EQ,INE010B01027
Zydus Wellness Ltd.,Fast Moving Consumer Goods,ZYDUSWELL,EQ,INE768C01028
eClerx Services Ltd.,Services,ECLERX,EQ,INE738I01010
